edgeID,from,to,label,weight
0,0,1,0,50
1,1,2,0,60
2,1,2,1,40
3,5,6,0,4718.1504
4,7,5,0,174.08266
5,8,7,0,1661.8232
6,9,10,0,158.99821
7,11,12,0,622.3865
8,13,14,0,174.21683
9,15,13,0,719.5674
10,15,16,0,488.6165